User ID,Name
103325146,User_103325146
128228848,User_128228848
132897590,User_132897590
147575756,User_147575756
152369841,User_152369841
164969161,User_164969161
172407931,User_172407931
173658504,User_173658504
210621640,User_210621640
217956915,User_217956915
224691983,User_224691983
233665510,User_233665510
252485749,User_252485749
252681464,User_252681464
270165726,User_270165726
270891707,User_270891707
279305785,User_279305785
288229826,User_288229826
288473615,User_288473615
288907997,User_288907997
291694307,User_291694307
307912121,User_307912121
325071080,User_325071080
326253022,User_326253022
366298590,User_366298590
425844424,User_425844424
427785300,User_427785300
476059534,User_476059534
489807998,User_489807998
492128061,User_492128061
492613192,User_492613192
498746159,User_498746159
513348393,User_513348393
517232729,User_517232729
527567040,User_527567040
532599653,User_532599653
559349448,User_559349448
595393349,User_595393349
624006051,User_624006051
635906611,User_635906611
656645941,User_656645941
682001178,User_682001178
684696064,User_684696064
691653550,User_691653550
694276843,User_694276843
714520132,User_714520132
749836040,User_749836040
818966556,User_818966556
828789601,User_828789601
843147306,User_843147306
846477672,User_846477672
878017897,User_878017897
880965880,User_880965880
891531425,User_891531425
904586802,User_904586802
927423007,User_927423007
935829913,User_935829913
982046335,User_982046335
983868072,User_983868072
997922991,User_997922991
